Name,Platform
Madden NFL 2004,PS2
FIFA Soccer 2004,PS2
LEGO Batman: The Videogame,Wii
wwe Smackdown vs. Raw 2006,PS2
Space Invaders,2600
Rock Band,X360
Frogger's Adventures: Temple of the Frog,GBA
LEGO Indiana Jones: The Original Adventures,Wii
Call of Duty 3,Wii
Rock Band,Wii
Call of Duty: Black Ops,PC
Rock Band,PS3
Triple Play 99,PS
LEGO Harry Potter: Years 5-7,Wii
LEGO Batman: The Videogame,PSP
Adventure,2600
Combat,2600
NASCAR Thunder 2003,PS2
Hitman 2: Silent Assassin,XB
Rock Band,PS2
Legacy of Kain: Soul Reaver,PS
Donkey Kong Land III,GB
LEGO Harry Potter: Years 5-7,X360
Air-Sea Battle,2600
Suikoden III,PS2
Yakuza 4,PS3
LEGO Harry Potter: Years 5-7,PS3
Wheel of Fortune,PS2
Namco Museum,XB
Rhythm Heaven,Wii
The Lord of the Rings: War in the North,PS3
The Lord of the Rings: War in the North,X360
Madden NFL 07,PSP
MLB SlugFest 20-03,PS2
Shaun White Snowboarding,X360
PES 2009: Pro Evolution Soccer,PSP
Madden NFL 11,Wii
WarioWare: Twisted!,GBA
LEGO Harry Potter: Years 5-7,DS
Test Drive Unlimited 2,X360
"The Chronicles of Narnia: The Lion, The Witch and The Wardrobe",GBA
Test Drive Unlimited 2,PS3
Monster Hunter 2,PS2
Advance Wars: Days of Ruin,DS
Metal Gear Solid 2: Substance,XB
The Golden Compass,Wii
Madden NFL 06,X360
NASCAR: Dirt to Daytona,PS2
Madden NFL 2002,XB
Def Jam: Fight for NY,XB
NBA Street Vol. 2,GC
Fishing Derby,2600
Wet,X360
Sonic the Hedgehog,PS3
Karate,2600
Tiger Woods PGA Tour 07,Wii
Circus Atari,2600
The Chronicles of Riddick: Escape from Butcher Bay,XB
Maze Craze: A Game of Cops 'n Robbers,2600
Silent Hill: Homecoming,X360
Super Breakout,2600
Robert Ludlum's The Bourne Conspiracy,X360
NHL Slapshot,Wii
TERA,PC
LEGO Harry Potter: Years 5-7,3DS
NFL GameDay 2003,PS2
Silent Hill: Homecoming,PS3
Harvest Moon: Save the Homeland,PS2
Robert Ludlum's The Bourne Conspiracy,PS3
Hangman,2600
The Golden Compass,PSP
NBA Live 2003,XB
Bejeweled 3,DS
Cubix Robots for Everyone: Clash 'n' Bash,GBA
Tropico 4,X360
Tomb Raider ,PC
Dragon Ball Z: Budokai Tenkaichi 2,Wii
Custom Robo,N64
Final Fantasy XI,PS2
Singularity,X360
Dragster,2600
All-Star Baseball 2005,PS2
Star Wars Jedi Knight II: Jedi Outcast,XB
Slot Machine,2600
Shrek the Third,DS
The Dukes of Hazzard II: Daisy Dukes It Out,PS
Disgaea 3: Absence of Detention,PSV
NBA Live 2003,GC
Harvest Moon: The Tale of Two Towns,3DS
Nicktoons: Battle for Volcano Island,GC
Haven: Call of the King,PS2
Unreal Championship 2: The Liandri Conflict,XB
"The Chronicles of Narnia: The Lion, The Witch and The Wardrobe",GC
Pac-Man Fever,GC
The Legend of Zelda: The Minish Cap,GBA
Indy 500,2600
Gun,X360
Flag Capture,2600
LEGO Harry Potter: Years 5-7,PSP
Rock Revolution,PS3
Jonah Lomu Rugby Challenge,PS3
College Hoops 2K6,PS2
Mega Man X Collection,PS2
BioShock 2,PC
Singularity,PS3
Danganronpa: Trigger Happy Havoc,PSP
DanceDanceRevolution II,Wii
Tony Hawk's Downhill Jam,Wii
Big Beach Sports 2,Wii
Jet X20,PS2
Tribes: Aerial Assault,PS2
Move Fitness,PS3
LEGO Harry Potter: Years 5-7,PC
Yu Yu Hakusho: Dark Tournament,PS2
Ghostbusters II,2600
Breakaway IV,2600
Robotech: Battlecry,XB
Valkyria Chronicles III: Unrecorded Chronicles,PSP
WRC: FIA World Rally Championship,PS3
Famista 64,N64
Dead Space 3,PC
Test Drive Unlimited 2,PC
Pet Zombies,3DS
Star Trek: Legacy,X360
Trauma Team,Wii
Backbreaker,X360
Twisted Metal: Small Brawl,PS
Otomedius Excellent,X360
NBA Starting Five,PS2
Teen Titans,GBA
Backbreaker,PS3
James Cameron's Dark Angel,PS2
Sword of the Samurai,PS2
Splatterhouse,PS3
Alone in the Dark: The New Nightmare,PS
Vegas Party,Wii
Jurassic Park: The Game,X360
Home Run,2600
eJay Clubworld,PS2
All-Star Baseball 2005,XB
Our House Party!,Wii
WCW Backstage Assault,N64
Bejeweled 3,PS3
Bejeweled 3,X360
Disney's Cinderella: Magical Dreams,GBA
Transworld Surf,XB
Street Fighter IV,PC
Nintendo Puzzle Collection,GC
Charm Girls Club: My Fashion Mall,DS
WRC: FIA World Rally Championship,X360
Record of Agarest War Zero,PS3
Super Robot Wars OG Saga: Masou Kishin II - Revelation of Evil God,PSP
Saru! Get You! Million Monkeys,PS2
Street Hoops,GC
Godzilla: Destroy All Monsters Melee,XB
The Daring Game for Girls,DS
Rocksmith,PC
Major League Baseball 2K6,PSP
Happy Feet Two,DS
Star Trek: Conquest,PS2
GiFTPiA,GC
Disney's Chicken Little: Ace In Action,Wii
Happy Feet Two,PS3
Atsumare! Power Pro Kun no DS Koushien,DS
My Healthy Cooking Coach,DS
Happy Feet Two,X360
Luminous Arc 2,DS
The Daring Game for Girls,Wii
Egg Monster Hero,DS
Samurai Shodown Anthology,PSP
Demon Chaos,PS2
Action Man-Operation Extreme,PS
Super Puzzle Fighter II,GBA
Happy Feet Two,Wii
Charm Girls Club: My Fashion Show,DS
Get Fit with Mel B,X360
Face Racers: Photo Finish,3DS
Zero: Tsukihami no Kamen,Wii
The Hidden,3DS
Rock Revolution,Wii
Dead Island: Riptide,PC
Mega Man Battle Network: Operation Shooting Star,DS
Smashing Drive,GC
Dream Trigger 3D,3DS
Tornado,DS
McFarlane's Evil Prophecy,PS2
Drake of the 99 Dragons,XB
Port Royale 3,PS3
Build-A-Bear Workshop: Friendship Valley,Wii
Alex Rider: Stormbreaker,DS
Yoostar on MTV,X360
Rayman Arena,XB
National Geographic Challenge!,X360
Port Royale 3,X360
Jewel Link Chronicles: Mountains of Madness,DS
Chou Soujuu Mecha MG,DS
Prinny: Can I Really Be The Hero? (US sales),PSP
Combat Elite: WWII Paratroopers,PS2
Captain America: Super Soldier,Wii
Flip's Twisted World,Wii
Mobile Ops: The One Year War,X360
Tom Clancy's Rainbow Six: Critical Hour,XB
GRID,DS
Captain America: Super Soldier,DS
Reader Rabbit 2nd Grade,Wii
Mountain Bike Adrenaline,PS2
Tour de France 2011,X360
Drill Dozer,GBA
Battle vs. Chess,PS3
The History Channel: Great Battles - Medieval,PS3
Monster Hunter Frontier Online,PS3
RollerCoaster Tycoon,PC
GRID,PC
B.L.U.E.: Legend of Water,PS
Luxor: Pharaoh's Challenge,Wii
NHL Hitz Pro,GC
Sega Rally 2006,PS2
World of Tanks,X360
Swords,Wii
Half-Minute Hero 2,PSP
Clockwork Empires,PC
Housekeeping,DS
Major League Baseball 2K8,PSP
Sabre Wulf,GBA
Beyond the Labyrinth,3DS
Bikkuriman Daijiten,DS
Majesty 2: The Fantasy Kingdom Sim,X360
Fullmetal Alchemist: Brotherhood,PSP
Combat Elite: WWII Paratroopers,XB
Samurai Spirits: Tenkaichi Kenkakuden,PS2
Battle vs. Chess,PC
Tom and Jerry in War of the Whiskers,XB
Super Duper Sumos,GBA
Legacy of Ys: Books I & II,DS
The King of Fighters: Maximum Impact - Maniax,XB
Combat Wings: The Great Battles of WWII,Wii
Tube Slider,GC
Umineko no Naku Koro ni San: Shinjitsu to Gensou no Yasoukyoku,PS3
Wii de Asobu: Metroid Prime,Wii
Payout Poker & Casino,PSP
Wii de Asobu: Metroid Prime,Wii
Saint,Wii
Steal Princess,DS
Mario Tennis,3DS
Runaway: A Twist of Fate,DS
Yu-Gi-Oh! 5D's Wheelie Breakers,Wii
Cabela's Alaskan Adventure,PS2
Writing and Speaking Beautiful Japanese DS,DS
Virtua Quest,PS2
Shonen Jump's Yu-Gi-Oh! GX Card Almanac,DS
Without Warning,XB
Football Manager 2007,X360
Ferrari: The Race Experience,Wii
PDC World Championship Darts 2008,DS
Dinotopia: The Sunstone Odyssey,GC
Dance! It's Your Stage,Wii
Jet Impulse,DS
Dream Dancer,DS
PDC World Championship Darts 2008,PSP
WRC: FIA World Rally Championship,PC
Aquaman: Battle for Atlantis,XB
Homeworld Remastered Collection,PC
Shorts,DS
AKB1/48: Idol to Guam de Koishitara...,X360
Brothers in Arms: Furious 4,X360
Agarest Senki: Re-appearance,PS3
Freaky Flyers,GC
Inversion,PC
Hakuouki: Shinsengumi Kitan,PS3
Virtua Quest,GC
The Smurfs,3DS
